Name,Price
Sprint Men's Canvas,"৳ 2,990"
Weinbrenner FLY FOAM Casual Lace-Up Outdoor Shoe,"৳ 3,999"
Stylish and Fashionable Winter and Summer Exclusive Sneakers Converse Shoes for Men,৳ 399
Sprint Men's Canvas,"৳ 1,290"
POWER FIZZ 300 MENS SPORTS SNEAKER,"৳ 6,999"
Trendy Shoes For Man With High Quality Fabrics And Breathable Outdoor Sport Sneakers Lightweight Air Mesh Men Shoes - Juta,৳ 353
Sprint Men's Canvas,"৳ 1,990"
Mens Fashionable Exclusive Sneakers Converse shoe for Men,৳ 450
Nike Air Force 1 – Premium Light Blue & White Sneaker (Men),"৳ 2,150"
Comfortable Sports Sneakers - Stylish Lace-Up Trendy Shoes for Men - Comfortable for All Seasons,৳ 750
Fashionable Premium Quality Shoes For Men,৳ 520
Woodland Running Sports Shoes For Men - 6036023 Black/Lblack,"৳ 5,096"
New Collection 5G High-Quality Sneakers - Men's Casual Fashion Sneakers for Year-Round Comfort and Style,৳ 399
Stylish and Fashionable Winter and Summer Exclusive Sneakers Converse Shoes for Men,৳ 520
Sprint Men's Sports Shoe,"৳ 2,490"
Bacca Bucci Cosmic Dream 🪐 Sneakers,"৳ 3,250"
Shoes for Men Sneakers Lightweight Breathable Comfortable Casual Shoes for Walking,৳ 465
Premium Quality Imported Casual Shoes for Men,"৳ 3,000"
POWER UBI VALOS MENS SPORTS SNEAKER,"৳ 2,999"
Sprint Men's Sports Shoe,"৳ 4,490"
Woodland Running Sports Shoes For Men - 6036023 Black/Lblack,"৳ 5,096"
New fashionable shoes for men,৳ 289
X-Ray 2 Square Sneakers For Men,"৳ 8,344"
Shoes for Men Sneakers Lightweight Breathable Comfortable Casual Shoes for Walking,৳ 465
Trendy Shoes For Man With High Quality Fabrics And Breathable Outdoor Sport Sneakers Lightweight Air Mesh Men Shoes,৳ 350
Men's Sports Lifestyle shoe|Mark Shoe,"৳ 1,192"
Shoes For Men Sneakers Lightweight Breathable Comfortable Casual Shoes For Walking,৳ 465
New Staylish Shows For Men,"৳ 1,381"
Hot Collection Stylish And Fashionable Winter And Summer Exclusive Sneakers Converse Shoes For Men- Innovative,৳ 649
Shoes For Men Sneakers Lightweight Breathable Comfortable Casual Shoes For Walking - Shoe For Boys - Insoles For Shoes - Shose For Men,৳ 470
Bubble White Sneaker For Men,"৳ 1,837"
Lightweight Comfortable Casual Walking Shoes for Men,৳ 380
Trendy Shoes For Man With High Quality Fabrics And Breathable Outdoor Sport Sneakers Lightweight Air Mesh Men Shoes - Shoes - Shoes For Men - Shoe For Boys - Shoes For Men - জুতা ছেলেদের - Shoe For Boys,৳ 390
Running High-Top Sneakers Casual Lace-Up Shoes Summer Men's High-Top Shoes White,৳ 396
New balance 9060 bodega,"৳ 6,900"
Maverick Men's Casual Shoe,"৳ 2,990"
Tanned Swagger,"৳ 1,100"
Shoes for Men Sneakers Lightweight Breathable Comfortable Casual Shoes for Walking,৳ 465
Trendy Shoes For Man With High Quality Fabrics And Breathable Outdoor Sport Sneakers Lightweight Air Mesh Men Shoes - Juta,৳ 353
Men's Casual Open Back Moc-toe Slippers,"৳ 2,499"
Bata Luthor Moccasin,"৳ 2,499"
Premium Quality Stylish Sneakers Casual Lace-Up Shoes Winter And Summer Men'S Shoes,৳ 605
SkyStride | High-Neck Chinese Sneaker,"৳ 1,790"
Shoes For Men Sneakers Lightweight Breathable Comfortable Casual Shoes For Walking,৳ 470
Sprint Men's Sports Shoe,"৳ 4,990"
New Stylish And Fashionable Winter Exclusive Sneakers Converse Shoes For Men - White Shoes,৳ 380
Indispensable -Hot Collection Stylish and Fashionable Winter and Summer Exclusive Sneakers Converse Shoes for Men- Innovative,৳ 500
Trendy Shoes For Man With High Quality Fabrics And Breathable Outdoor Sport Sneakers Lightweight Air Mesh Men Shoes - Shoe For Boys - Shoes For Men - à¦œà§à¦¤à¦¾ à¦›à§‡à¦²à§‡à¦¦à§‡à¦° - Shose For Men,৳ 380
Stylish Black And Blue Color Winter Canvas Sneakers For Men,৳ 289
Running Sneakers Black Color Casual Lace-Up Shoes Winter And Summer Men'S Shoes - - Shoe For Boys - Shoes For Men - - Sneakers For Men - Shoe For Boys - Shoes For Men,৳ 350
Blue Strike – Float Mode | Stylish Half-Lace Sneaker | Chinese,"৳ 1,682"
New fashionable shoes for men,৳ 289
Sprint Men's Canvas,"৳ 1,690"
Shoes For Men Sneakers Lightweight Breathable Comfortable Casual Shoes For Walking,৳ 465
Grey Casual Slip-On Shoe For Men,৳ 485
Urban Racing & Street Vibe Edition - Premium High-Top Men's Sneakers,"৳ 1,200"
Sprint Men's Sports Shoe,"৳ 2,990"
Stylish and Fashionable Exclusive Sneakers Converse for Men,৳ 360
Men's Sports Lifestyle shoe,"৳ 1,267"
POWER N-WALK LITE MENS SPORTS,"৳ 3,499"
Men'S Trendy Leather Casual Sport Sneakers / Dress Shoes,৳ 605
Trendy Shoes For Man With High Quality Fabrics And Breathable Outdoor Sport Sneakers Lightweight Air Mesh Men Shoes - Shoes -Tammim Shop,৳ 432
Stylish Black And Blue Color Winter Canvas Sneakers for Men,৳ 305
Sneakers shoes Vans design weightless less up version shoes for men.,৳ 699
Indispensable -Quality And Durablity -Sneakers for boys light weight lambargen classic Chinese shoe sneakers by Aian- Innovative,৳ 420
Shoes For Men Sneakers Lightweight Breathable Comfortable Casual Shoes For Walking,৳ 470
High-Quality Sports Sneakers Men Casual Shoes Fashion Sneakers - Flyknit Lightweight Slip-On Men's - Comfortable All Seasons,৳ 750
Nike Zoomx,"৳ 4,200"
Sprint Men's Sports Shoe,"৳ 3,290"
Sneakers Converse for Men Shoes for Men Sneakers for Men,৳ 380
Premium Multi-Color Casual Sneakers (Men/Unisex),"৳ 1,050"
Sneakers Casual Use Vans Model Trendy Shoes For Men.,৳ 499
Shoes For Men Sneakers Lightweight Breathable Comfortable Casual Shoes For Walking,৳ 470
Fashionable Winter Sneaker For Men - Blue/Black - Stay Warm And Stylish In These Men'S Sneakers Perfect For Winter,৳ 349
Sneakers | Redtape Sneakers for Men। White-Black and Red Edition,৳ 999
Stlysh Running Sports Sneakers Casual Lace-Up Shoes Winter And Summer Men'S Shoes - Shoe For Boys - Shoe For Boys - Insoles For Shoes - Shoe For Boys,৳ 390
Adidas X_Plrpath Ftwwht/Selubl/ Gum10 International Sports Sneaker,"৳ 8,999"
High-Quality Sports Sneakers Men Casual Shoes Fashion Sneakers - Flyknit Lightweight Slip-On Men's - Comfortable All Seasons,৳ 750
Sprint Men's Sports Shoe,"৳ 3,490"
Stlysh Running Sports Sneakers Casual Lace-up Shoes Winter and Summer Men's Shoes,৳ 539
POWER XORISE+100 RN EROS MENS SPORTS SNEAKER,"৳ 4,299"
Men's Sports Lifestyle Shoe,"৳ 1,314"
COMFIT SILVER MENS CASUAL MENS  CASUAL,"৳ 2,499"
Hot Collection Stylish and Fashionable Winter and Summer Exclusive Sneakers Converse Shoes for Men,৳ 500
Sprint Sports Sandal,"৳ 2,290"
Sneakers for men HAWOAI Sole Shoes for men-Blue,৳ 450
FARUK'S Stylish Black And Ash Color Winter Canvas Sneakers For Men,৳ 307
2022 Top Selling 6G Running Sneakers Casual Lace-Up Shoes Summer Sneakers Lightweight Breathable Comfortable Casual Shoes For Walking,৳ 380
Sprint Men's Canvas,৳ 990
Comfortable Sports Sneakers - Stylish Lace-Up Trendy Shoes for Men - Comfortable for All Seasons,৳ 850
North Star ARCE Lifestyle Sneaker for Men,"৳ 4,499"
POWER N-WALK LITE MENS SPORTS,"৳ 2,999"
Sneakers Converse for Men Shoes for Men Sneakers for Men - Shoe For Boys - Shoes For Men - জুতা ছেলেদের - Sneakers For Men - Shoe For Boys - Shoes For Men - জুতা ছেলেদের - Shoe For Boys,৳ 350
NORTH STAR VICTORY MENS CANVAS F.TIME,"৳ 3,499"
"Shoes For Men Sneakers: Lightweight, Breathable, Comfortable Casual Shoes For Walking - Perfect Blend Of Style And Comfort",৳ 470
Red Sneakers For Men - Smart And Comfortable Fabrics Shoes - Innovative Remarkable - Disclose Styles & Luxe - Comfortable For All Seasons,৳ 380
Shoes For Men Sneakers Lightweight Breathable Comfortable Casual Shoes For Walking,৳ 470
WEINBRENNER GRADDY WEINBRENNER,"৳ 3,999"
Stlysh Running Sports Sneakers Casual Lace-Up Shoes Winter And Summer Men'S Shoes - Shoe For Boys - Shoe For Boys - Insoles For Shoes - Shoe For Boys,৳ 410
Sprint Men's Canvas,"৳ 2,690"
POWER RADIUM 1 MENS SPORTS,"৳ 2,999"
Shoes For Men Sneakers Lightweight Breathable Comfortable Casual Shoes For Walking,৳ 470
Stylish and Fashionable Winter and Summer Exclusive Sneakers Converse Shoes for Men - Shoe For Boys,৳ 399
FARUK'S Stylish Ash Color Winter Canvas Sneakers for Men,৳ 324
High-Quality Sports Sneakers Men Casual Shoes Fashion Sneakers - Flyknit Lightweight Slip-On Men's - Comfortable All Seasons,৳ 825
Sprint Men's Sports Shoe,"৳ 3,290"
Bacca Bucci Cosmic Dream 🪐 Sneakers,"৳ 3,250"
Sneakers | Kappa Sneaker for Women | Blush Pink Edition(1:1 Grade),"৳ 1,100"
Genuine Leather Sneakers 502 Master Brown,"৳ 1,370"
Premium Quality Imported Casual High Neck Shoes for Men,"৳ 3,300"
Power Men's XORISE+ 100 PLUTO Lace-Up Sneaker,"৳ 3,499"
COMFIT SILVER MENS CASUAL MENS CASUAL,"৳ 2,499"
Men'S Trendy Leather Casual Sport Sneakers / Dress Shoes,৳ 605
Trendy Shoes For Man With High Quality Fabrics And Breathable Outdoor Sport Sneakers - Elevate Your Style,৳ 550
SCORE 2402 WHITE FIRM GROUND,"৳ 9,950"
Sprint Men's Canvas,"৳ 1,690"
Sprint Men's Sport Shoe,"৳ 1,990"
WEINBRENNER TITANIUM WEINBRENNER,"৳ 3,499"
LYFO Summer Mesh Breathable Men Shoes Lightweight Sneakers For Men SKY LIGHT,"৳ 1,748"
Sprint Men's Sports Shoe,"৳ 1,990"
Running Sports Sneakers White Color Shoes Casual Lace-Up Winter And Summer Men'S Shoes - White Shoes,৳ 550
"Shoes For Men Sneakers: Lightweight, Breathable, Comfortable Casual Shoes For Walking - Perfect Blend Of Style And Comfort",৳ 470
Stylish and Fashionable Winter and Summer Sneakers for Men,৳ 690
Power N-WALK MAX Performance Sneaker for Men,"৳ 3,999"
WEINBRENNER RADIUM WEINBRENNER,"৳ 2,699"
Stylish Black And Blue Color Winter Canvas Sneakers for Men,৳ 303
Sneakers Casual Use Vans Model Trendy Shoes For Men.,৳ 499
Trendy Chunky Sneaker-Synthetic leather + breathable mesh upper for durability and airflow,"৳ 2,490"
Stylish Black And Blue Color Winter Canvas Sneakers For Men,৳ 290
Trendy Shoes For Man With High Quality Fabrics And Breathable Outdoor Sport Sneakers Lightweight Air Mesh Men Shoes - Shoe For Boys - Shoes For Men -  - Shoe For Boys - Shoe For Boys - Sneakers,৳ 360
Genuine Leather Sneakers 502 Choco Black,"৳ 1,370"
Running Sneakers White Color Casual Lace-up Shoes Winter and Summer Men's Shoes,৳ 483
Lightweight Comfortable Casual Walking Shoes for Men,৳ 399
Running Shoes For Men - Running Shoes Casual Lace-Up - Running Sneakers,৳ 979
authentic men sneaker /High-top canvas shoes men's shoes spring and autumn new breathable little white shoes men's trendy and versatile sports board shoes trendy shoes/,"৳ 2,879"
High-Quality Sports Sneakers Men Casual Shoes Fashion Sneakers - Flyknit Lightweight Slip-On Men'S - Comfortable All Seasons,৳ 750
Air jordan 1 low travis scott mocha,"৳ 7,500"
Shoes For Men Sneakers Lightweight Breathable Comfortable Casual Shoes For Walking,৳ 470
POWER N-WALK LITE KOKO EASYSLIDE MENS SPORTS,"৳ 3,699"
High-Quality Sports Sneakers Men Casual Shoes Fashion Sneakers - Flyknit Lightweight Slip-On Men's - Comfortable All Seasons,৳ 550
Stylish and Fashionable Winter and Summer Exclusive Sneakers Converse Shoes for Men By Riyan Shoes - Comfortable And Stylish,৳ 539
Sprint Men's Sports Shoe,"৳ 3,490"
Indispensable -Quality And Durablity -Sneakers for boys light weight lambargen classic Chinese shoe sneakers by Aian- Innovative,৳ 420
Panda Mens's Sneakers | White/Grey,"৳ 1,875"
New Collection Better Choice Stylish And Fashionable Exclusive Sneaker For Men,৳ 499
Pixel Pop - Check Myth | Stylish Retro Sneaker,"৳ 2,290"
Sprint Men's Canvas,"৳ 1,690"
Sprint Men's Canvas,"৳ 2,290"
"China Shoes for boys. Dj case shoes for men high quality & comfortable use soft.- Trendy and Stylish, Simple To Use And Maintain, Very Premium Product",৳ 499
WEINBRENNER TITANIUM WEINBRENNER,"৳ 3,499"
Shoes For Men Sneakers Lightweight Breathable Comfortable Casual Shoes For Walking,৳ 470
New Lambor Ghini Sneaker Men Casual Shoes - Sneakers For Men - Shoe For Boys,৳ 490
Men's Sports Lifestyle Shoe,"৳ 1,314"
Stlysh Running Sports Sneakers Casual Lace-up Shoes Winter and Summer Men's Shoes,৳ 499
Versatile -Hot Collection Stylish and Fashionable Winter and Summer Exclusive Sneakers Converse Shoes for Men- Avant-garde,৳ 524
Sneakers Converse lace up light weight colour ful shoes for men.,৳ 900
Fashionable Premium Quality Shoes For Men,৳ 320
Stylish Sneakers For Men - Low Top Type - Fashionable And Versatile Shoes For Every Season - Elevate Your Look,৳ 572
Trendy Shoes For Man With High Quality Fabrics And Breathable Outdoor Sport Sneakers Lightweight Air Mesh Men Shoes,৳ 380
Stylish and Fashionable Exclusive Sneakers Converse for Men,৳ 350
Shoes For Men Sneakers Lightweight Breathable Comfortable Casual Shoes For Walking,৳ 470
Men's Sports Lifestyle shoe,"৳ 1,342"
Stylish and Fashionable Winter and Summer Sneakers for Men,৳ 438
Redtape High-Neck Sneaker For Men | White-Blue Edition,"৳ 1,950"
Sprint Men's Canvas,"৳ 2,290"
Running Sports Sneakers White Color Shoes Casual Lace-Up Winter and Summer Men's Shoes - White Shoes,৳ 490
Fashionable Multicolore Colore Winter Sneakers for Men by Tammim Shop,৳ 490
"New Best Collection 2025 Comfortable Stylish & Fashionable Sports Look, Lace Up, Slip-on & Pull-on, Light Weight - White and Black Color Combination Sneaker For Men - Perfect For Any Occasion",৳ 426
Adidas Response Super M Cblack/ Solred/Cblack International Sports Sneaker,"৳ 11,999"
Sprint Men's Canvas,৳ 990
Stylish And Fashionable Winter And Summer Exclusive Sneakers Converse Shoes For Men,৳ 495
Sprint Sports Sandal,"৳ 2,290"
Sprint Men's Canvas,৳ 990
Sneakers | Redtape New Edition Premium Sneaker (G-370),"৳ 1,490"
Men’s Black & White Sport Casual Sneakers,৳ 750
Shoes for Men Sneakers Lightweight Breathable Comfortable Casual Shoes for Walking,৳ 465
Shoes for Men Sneakers Lightweight Breathable Comfortable Casual Shoes for Walking,৳ 465
Trendy Shoes For Man With High Quality Fabrics And Breathable Outdoor Sport Sneakers - Elevate Your Style,৳ 550
Sprint Men's Sports Shoe,"৳ 1,990"
AG Premium Edition 426 Stylish Men's Sneakers,৳ 999
POWER N-WALK LITE PRESTO MENS SPORTS,"৳ 3,499"
Sprint Men's Canvas,"৳ 2,990"
Green and Black Check,"৳ 1,100"
NORTH STAR TRACK SPRINTER MENS CANVAS F.TIME SNEAKER,"৳ 5,999"
POWER PRIME WALK 300 SLIP V4 MENS SPORTS,"৳ 4,499"
Indispensable -Hot Collection Stylish and Fashionable Winter and Summer Exclusive Sneakers Converse Shoes for Men- Innovative,৳ 500
NORTH STAR SEAL MENS CANVAS F.TIME SNEAKER,"৳ 4,999"
Fashionable Multicolour Winter And Summer Sneakers Collection For Men (2024),৳ 555
Cotton Fabrics Sneaker Shoes Slip-Ons & Loafers for Men - Sneakers For Men,৳ 365
Shoes For Men Sneakers Lightweight Breathable Comfortable Casual Shoes For Walking,৳ 470
New updated Sneaker Soft and Comfortable Shoes For Men/ orgina keds for men/ New year colletion police keds,"৳ 3,589"
COMFIT SILVER MENS CASUAL MENS CASUAL,"৳ 2,499"
Stylish Men’s Casual Shoes,"৳ 1,200"
North Star Nadal Slip-Ons,৳ 999
Sprint Men's Sports Shoe,"৳ 2,490"
Woodland Running Sports Shoes For Men - 6039023 White,"৳ 5,351"
Panda Men's Sport Sneaker | White Green,"৳ 2,190"
WEINBRENNER OUTBACK WEINBRENNER,"৳ 4,499"
Adidas Samba OG,"৳ 3,200"
2022 Hot Singing Snickers Dusty: High-Quality Snow Men'S With Fabrics And Breathable Outdoor Sport Sneakers - Shoe For Boys - White Shoes,৳ 450
Sprint High Neck Sneaker,"৳ 2,490"
NORTH STAR KAHALO MENS CANVAS F.TIME,"৳ 3,699"
Mens Fashionable Exclusive Sneakers Converse for Men,৳ 495
Panda Mens's Sneakers | White,"৳ 2,000"
Black Cotton Fabrics Sneaker Shoes Slip-Ons & Sneakers for Men,৳ 459
Stylish Men's Casual Shoes,৳ 999
Blue Strike – Float Mode | Stylish Half-Lace Sneaker | Chinese,"৳ 1,682"
Panda Men's Sport Sneaker | Black,"৳ 1,643"
Premium Sneakers - Shoes for Men,"৳ 2,390"
Men's Trendy Leather Casual Sport Sneakers / Dress Shoes,৳ 545
Adidas Response Super M Cblack/ Solred/Cblack International Sports Sneaker,"৳ 11,999"
Urban Racing & Street Vibe Edition - Premium High-Top Men's Sneakers,"৳ 1,200"
New Stylish Comfortable Sports Sneakers Stylish Lace up Trendy Shoes for man,৳ 460
New balance 9060 bodega,"৳ 6,900"
Sprint Men's Sports Shoe,"৳ 2,690"
Adidas Base-Strike Shoes - Men,"৳ 12,000"
POWER PRIME TIME MENS SPORTS,"৳ 3,499"
Bata ZONE Slip-On Shoe for Men,"৳ 2,499"
Premium Sneakers - Shoes for Men,"৳ 2,690"
WEINBRENNER JACOBS WEINBRENNER,"৳ 5,999"
Sprint Women's Sports Shoe,"৳ 4,490"
Woodland Running Sports Shoes For Men - 6089023 Navy,"৳ 5,181"
Weinbrenner MAGMA FAZE CC Lace-Up Outdoor Sneaker For Men,"৳ 7,999"
POWER LEAD MENS SPORTS,"৳ 2,699"
Sketchers Go walk Max walker,"৳ 4,000"
New Collection Better Choice Stylish And Fashionable Exclusive Sneaker For Men,৳ 499
SkyStride | High-Neck Chinese Sneaker,"৳ 1,790"
Sprint Men's Canvas,"৳ 2,290"
POWER N-WALK LITE KOKO EASYSLIDE MENS SPORTS,"৳ 3,699"
Sprint Men's Canvas,"৳ 1,690"
High-Quality Sports Sneakers Men Casual Shoes Fashion Sneakers - Flyknit Lightweight Slip-On Men's - Comfortable All Seasons,৳ 720
High-Quality Sports Sneakers Men Casual Shoes Fashion Sneakers - Flyknit Lightweight Slip-On Men's - Comfortable All Seasons,৳ 690
Street Vibe Premium Black & White High-Top Sneakers for Men,"৳ 1,200"
Sneakers shoes for men colour ful shoes high neck design lace up sneakers for men with trendy design rubber sool shoes for men.,৳ 534
authentic men sneaker /High-top canvas shoes men's shoes spring and autumn new breathable little white shoes men's trendy and versatile sports board shoes trendy shoes/,"৳ 2,879"
Stylish Sneakers for Men - Low Top Type - Fashionable and Versatile Shoes for Every Season - Elevate Your Look,৳ 499
Moss Mirage |  Pebble Textured | Replica Edition,"৳ 2,090"
Shoes For Men Sneakers Lightweight Breathable Comfortable Casual Shoes For Walking,৳ 360
SNEAKERS EXCLUSIVE SHOE'S DESIGN TRENDY COLLECTION WINTER MODEL SNEAKERS SHOES FOR MEN.,৳ 581
New Stylish Comfortable Sports Sneakers Stylish Lace up Trendy Shoes for man,৳ 490
Sneakers For Men Air force 1 Original Stylish  - imported from China and Vietnam(1:1 Grade),"৳ 2,265"
Bata ZONE Slip-On Shoe for Men,"৳ 2,499"
Sneakers Men Casual Shoes Men Fashion Sneakers Lightweight - Unleash Trendsetting Comfort,৳ 825
Trendy Sports Shoes For Man - High-Quality Fabrics and Breathable Outdoor Sport Sneakers - Lightweight Air Mesh Men Shoes - Ideal for All Seasons,৳ 520
Metro Dash - Everyday Style Sneaker,"৳ 1,790"
Indispensable Hot Collection Stylish Low Top Sneakers for Men - Innovative - Comfortable All Seasons,৳ 499
Sprint Men's Sports Shoe,"৳ 4,990"
Hot Collection Stylish and Fashionable Winter and Summer Exclusive Sneakers Converse Shoes for Men,৳ 548
Sneakers Converse lace up light weight colour ful shoes for men.,৳ 900
Sprint Men's Sport Shoe,"৳ 2,990"
High Quality imported Stylish Chunky Sneaker,"৳ 2,490"
"Versatile and stylish collection of exclusive winter and summer sneakers for men, including Converse shoes - avant-garde fashion",৳ 540
Suede Black,"৳ 1,100"
POWER ROSS MENS SPORTS,"৳ 1,799"
Dark Horse | Lightweight | High-Neck Chinese Sneaker,"৳ 1,682"
High-Quality Sports Sneakers Men Casual Shoes Fashion Sneakers - Flyknit Lightweight Slip-On Men's - Comfortable All Seasons,৳ 825
Adidas Running sneakers,"৳ 3,250"
Sprint Men's Sports Shoe,"৳ 3,990"
Sprint Men's Sports Shoe,"৳ 1,990"
Premium New Collection Better Choice Stylish and Fashionable Exclusive Low Top Sneakers Converse for Men - Comfortable and Suitable for All Seasons Premium New Collection Better Choice Stylish and Fashionable Exclusive Low Top Sneakers Converse for Men -,৳ 850
Shoes For Men Sneakers Lightweight Breathable Comfortable Casual Shoes For Walking,৳ 470
Sneakers casual exclusive design rubber sool and lace up.,৳ 484
New Indispensable And New Collection Stylish White & Black Casual Sneakers Shoes For Men Comfortable And Lightweight Shoes For Summer,৳ 523
High-Quality Sports Sneakers Men Casual Shoes Fashion Sneakers - Flyknit Lightweight Slip-On Men's - Comfortable All Seasons,৳ 750
Trendy Shoes For Man With High Quality Fabrics And Breathable Outdoor Sport Sneakers Lightweight Air Mesh Men Shoes,৳ 399
Stlysh Running Sports Sneakers Casual Lace-Up Shoes Winter And Summer Men'S Shoes - Shoe For Boys - Shoe For Boys - Insoles For Shoes - Shoe For Boys,৳ 480
Sprint Men's Sports Shoe,"৳ 5,990"
Stylish and Fashionable Exclusive Sneakers Converse for Men,৳ 360
Genuine Leather Sneakers 502 Master Black,"৳ 1,370"
Sprint Men's Sports Shoe,"৳ 3,490"
Bata Casual Moccasin in Black,"৳ 2,499"
Modern Streetwear Premium Multi-Tone Sneakers for Men,"৳ 1,200"
Stylish and Fashionable Winter and Summer Exclusive Sneakers Converse Shoes for Men - Shoe For Boys,৳ 530
Men's Sports Lifestyle shoe,"৳ 1,417"
Sneakers shoes Vans design weightless less up version shoes for men.,৳ 699
Men's Fashionable Exclusive Sneakers Converse for Men,৳ 830
Sneakers shoes for men rubber sool winter collection vans design shoes for men with trendy design lace up sneakers for men.,৳ 999
Trendy Shoes For Man With High Quality Fabrics And Breathable Outdoor Sport Sneakers Lightweight Air Mesh Men Shoes - Shoes For Men - Sneakers,৳ 539
Aura-X Urban Elite Chunky Sneakers – Premium Edition,"৳ 2,500"
Sketchers Go walk,"৳ 4,000"
2022 Hot Singing Snickers Dusty: High-Quality Snow Men'S With Fabrics And Breathable Outdoor Sport Sneakers - Shoe For Boys - White Shoes,৳ 450
Air Jordan 1 Mid High Neck – Black White Cyan Blue Sneaker (Men),"৳ 2,150"
Moss Mirage |  Pebble Textured | Replica Edition,"৳ 2,090"
WEINBRENNER HINES WEINBRENNER,"৳ 3,499"
Genuine Leather Sneakers 502 Full Black,"৳ 1,370"
Stylish And Fashionable Winter And Summer Exclusive Sneakers Converse Shoes For Men,৳ 495
Mens Fashionable Exclusive Sneakers Converse For Men - Shoe For Boys - Shoe For Boys - White Shoes,৳ 512
Boot converse sneakers fabric leather lace up breathable shoes for man with material rubber sole and vans model breathable neck design - Sneakers - Shoe For Boys - Shoes For Men - জুতা ছেলেদের - Sneakers For Men - Shoe For Boys,৳ 590
Hot Collection Stylish and Fashionable Low Top Winter and Summer Exclusive Converse Sneakers for Men - Comfortable and Suitable for All Seasons,৳ 533
Fashionable Premium Quality Shoes For Men,৳ 520
Stylish and Fashionable Exclusive Sneakers Converse for Men,৳ 360
Trendy Chunky Sneaker-Synthetic leather + breathable mesh upper for durability and airflow,"৳ 2,490"
Sprint Men's Sports Shoe,"৳ 4,990"
Premium Sneakers - Shoes for Men,"৳ 2,190"
The Crimson Crest Sneaker Shoe For Men,"৳ 1,250"
Venturini Men's Casual Shoe,"৳ 5,490"
Genuine Leather Sneakers 501 White Black,"৳ 1,370"
2022 Top Selling 5G Running Sneakers Casual Lace-up Shoes Summer Sneakers Lightweight Breathable Comfortable Casual Shoes for Walking,৳ 410
Adidas Ultrarun 5 Cblack/Ftwwht/ Cblack International Sports Sneaker,"৳ 11,999"
Hot Collection Stylish Running Sports Sneakers - Casual Lace-Up Shoes For Winter And Summer: Comfort And Style In Every Step,৳ 528
Stylish Sneakers for Men - Low Top Type - Fashionable and Versatile Shoes for Every Season - Elevate Your Look,৳ 499
Adidas Runfalcon 5 Ftwwht/ Aurmet/Cblack International Sports Sneaker,"৳ 8,999"
Sprint Men's Sports Shoe,"৳ 3,990"
Lightweight Comfortable Casual Walking Shoes For Men,৳ 429
WEINBRENNER OUTBACK WEINBRENNER,"৳ 4,499"
Versatile -Hot Collection Stylish and Fashionable Winter and Summer Exclusive Sneakers Converse Shoes for Men- Avant-garde,৳ 524
POWER BONDI MENS SPORTS SNEAKER,"৳ 3,699"
Sprint Men's Sports Shoe,"৳ 2,290"
Lv trainer 54,"৳ 10,500"
Hot Collection Stylish and Fashionable Winter and Summer Exclusive Low Top Sneakers Converse Shoes for Men - Ideal for All Seasons,৳ 850
Lightweight and Breathable - Sneakers for Men - Casual Shoes for Walking - Shoe For Boys - Stay Comfortable All Day Long,৳ 386
Trendy Shoes For Man With High Quality Fabrics And Breathable Outdoor Sport Sneakers Lightweight Air Mesh Men Shoes,৳ 380
Stylish and Fashionable Winter and Summer Exclusive Sneakers Converse Shoes for Men By Riyan Shoes - Comfortable And Stylish,৳ 520
MAXIMA 2442 WHITE YELLOWTURF,"৳ 7,490"
Sprint Men's Sports Shoe,"৳ 3,290"
Blue Strike – Float Mode | Stylish Half-Lace Sneaker | Chinese,"৳ 1,682"
Sprint Men's Canvas,"৳ 2,290"
North Star Nadal Slip-Ons,৳ 999
POWER XORISE+100 RN EROS MENS SPORTS SNEAKER,"৳ 4,299"
Sprint Men's Canvas,"৳ 3,490"
Classic Beige Street Sneakers✨,৳ 749
Premium Sneakers - Shoes for Men,"৳ 1,850"
"Versatile and stylish collection of exclusive winter and summer sneakers for men, including Converse shoes - avant-garde fashion",৳ 540
JOMA SPORTS GREY C.HORIZON 2312 LIFE STYLE SHOE FOR MEN,"৳ 6,850"
Comfortable Stylish & Fashionable Sports Look Lace Up Canvas Sneakers Shoes For Men,৳ 503
Men's Sports Running shoe|Mark Shoe,"৳ 1,134"
WEINBRENNER RADIUM WEINBRENNER,"৳ 2,999"
Premium Quality Imported Casual Shoes for Men,"৳ 3,200"
Bata Men's Casual GLOBE Sneaker,"৳ 2,499"
Sprint Men's Sports Shoe,"৳ 4,990"
Sprint Sports Sandal,"৳ 1,290"
New fashionable shoes for men,৳ 289
Shoes For Men Sneakers Lightweight Breathable Comfortable Casual Shoes For Walking,৳ 470
Street Vibe Premium Black & White High-Top Sneakers for Men,"৳ 1,200"
LYFO Summer Mesh Breathable Men Shoes Lightweight Sneakers For Men AIR SOFT SPORTS SHOES,"৳ 1,943"
Shoes For Men Sneakers Lightweight Breathable Comfortable Casual Shoes For Walking,৳ 400
Sprint Men's Canvas,"৳ 1,290"
ASICS PATRIOT 13,"৳ 9,990"
Maverick Men's Casual Shoe,"৳ 2,690"
Fashionable Multicolour Winter And Summer Sneakers Collection For Men (2024),৳ 555
Shoes For Men Sneakers Lightweight Breathable Comfortable Casual Shoes For Walking - Shoe For Boys - Shoe For Boys,৳ 426
Shoes For Men Sneakers Lightweight Breathable Comfortable Casual Shoes For Walking,৳ 470
"Versatile and stylish collection of exclusive winter and summer sneakers for men, including Converse shoes - avant-garde fashion",৳ 540
Atom Spring Edge Alpha Men Textured Sneakers Mens Running Shoes Athletic Walking Blade Tennis Shoes Mesh Workout Casual Shoes Fashion Sneakers,"৳ 7,550"
Woodland Running Sports Shoes For Men - 6036023 White/Black,"৳ 5,096"
Dark Horse | Lightweight | High-Neck Chinese Sneaker,"৳ 1,682"
Shoes For Men Sneakers Lightweight Breathable Comfortable Casual Shoes For Walking,৳ 400
Indispensable -Hot Collection Stylish and Fashionable Winter and Summer Exclusive Sneakers Converse Shoes for Men- Innovative,৳ 520
Trendy Shoes For Man With High Quality Fabrics And Breathable Outdoor Sport Sneakers Lightweight Air Mesh Men Shoes - Shoe For Boys - Shoes For Men - à¦œà§จà¦¤à¦¾ à¦›à§‡à¦²à§‡à¦¦à§‡à¦° - Shose For Men,৳ 369
Exclusive Sneakers Men'S Fashionable Fabrics Converse For Men - Juta - Shoes For Men - - Shoes For Men,৳ 420
Sprint Men's Sports Shoe,"৳ 3,490"
Trendy Shoes For Man With High Quality Fabrics And Breathable Outdoor Sport Sneakers Lightweight Air Mesh Men Shoes - Shoes -Tammim Shop,৳ 432
Better Choice Stylish And Fashionable Exclusive Sneakers Converse For Men - Shoe For Boys Qualityful - Easy To Care And Longive,৳ 379
Indispensable Hot Collection Stylish Low Top Sneakers for Men - Innovative - Comfortable All Seasons,৳ 499
ASICS GEL-CONTEND 9,"৳ 11,000"
New collection 5G High Qulaity Sneakers Men Casual Shoes Men Fashion Sneakers Fly knit Light weight Slip-on Men - Sneakers - Shoes For Men,৳ 390
JOMA SPORTS  BROWN  Life -Style Shoe For Men,"৳ 6,990"
Sprint Men's Canvas,"৳ 2,290"
Trendy Shoes For Man With High Quality Fabrics And Breathable Outdoor Sport Sneakers Lightweight Air Mesh Men Shoes,৳ 462
Sprint Men's Sports Shoe,"৳ 2,990"
Bata Comfit Men's TEXAS Casual Lace-Up Shoe,"৳ 4,999"
New fashionable shoes for men,৳ 289
Stylish Sneakers For Men - Low Top Type - Fashionable And Versatile Shoes For Every Season - Elevate Your Look,৳ 572
Running Sneakers Casual Lace-Up Shoes Summer Men'S Shoes White - Sneakers - Shoes For Men - Shoe For Boys - Shoes For Men - - Sneakers,৳ 380
Sneakers for man casual use and rubber sool. - Shoes For Men -  - জুতা ছেলেদের,৳ 529
Premium Sneakers - Shoes for Men,"৳ 2,550"
Sprint Men's Sports Shoe,"৳ 3,990"
Sprint Men's Sports Shoe,"৳ 4,990"
Night Pulse | Thick and Soft | Everyday Active Sneaker,"৳ 2,090"
Better Choice Stylish And Fashionable Exclusive Sneakers Converse For Men - Shoe For Boys Qualityful - Easy To Care And Longive,৳ 359
Sprint Men's Sports Shoe,"৳ 3,490"
LV TRAINER 54,"৳ 10,500"
Panda Men's Sport Sneaker | Black,"৳ 1,643"
Men's Sports Lifestyle shoe|Mark Shoe,"৳ 1,267"
Shoes For Men Sneakers Lightweight Breathable Comfortable Casual Shoes For Walking,৳ 470
Trendy Shoes For Man With High Quality Fabrics And Breathable Outdoor Sport Sneakers Lightweight Air Mesh Men Shoes - Shoe For Boys - Shoes For Men - Shoes For Men,৳ 350
FARUK'S Stylish Black And Ash Color Winter Canvas Sneakers for Men,৳ 324
Shoes for Men Sneakers Lightweight Breathable Comfortable Casual Shoes for Walking,৳ 465
All Star Fabric Sneakers Converse For Men - Elevate Your Style With Classic Converse Sneakers For Men,"৳ 2,500"
WEINBRENNER HINES WEINBRENNER,"৳ 3,499"
New Stylish And Fashionable Winter Exclusive Sneakers Converse Shoes For Men - White Shoes,৳ 380
Stylish Black And Blue Color Winter Canvas Sneakers For Men,৳ 289
Venturini Men's Casual Shoe,"৳ 5,490"
Sneakers For Men,"৳ 2,190"
Premium Sneakers - Shoes for Men,"৳ 1,850"
Summer new sneakers foreign trade wholesale trendy fashion casual shoes students soft sole comfortable low-top breathable forest shoes,"৳ 1,268"
Sprint Men's Canvas,"৳ 3,990"
Trendy Shoes For Man With High Quality Fabrics And Breathable Outdoor Sport Sneakers Lightweight Air Mesh Men Shoes,৳ 399
Running Sneakers White Color Casual Lace-up Shoes Winter and Summer Men's Shoes,৳ 483
"Versatile and stylish collection of exclusive winter and summer sneakers for men, including Converse shoes - avant-garde fashion",৳ 540
POWER N-WALK AKARI EASYSLIDE MENS SPORTS SNEAKER,"৳ 3,999"
Gray Camo,"৳ 1,100"
WEINBRENNER FORD WEINBRENNER,"৳ 4,499"
JOMA SPORTS WHITE Phylon TENNIS or Running Shoe for Men,"৳ 10,650"
Shoes for Men Sneakers Lightweight Breathable Comfortable Casual Shoes for Walking,৳ 465
AG Premium Edition 426 Stylish Men's Sneakers,৳ 999
Sprint Men's Sports Shoe,"৳ 3,290"
LYFO Summer Mesh Breathable Men Shoes Lightweight Sneakers For Men SKY LIGHT,"৳ 1,748"
Versatile -Stylish And Fashionable Winter And Summer Exclusive Sneakers Converse Shoes For Men - Shoe For Boys - White Shoes- Avant-garde,৳ 350
Indispensable -Hot Collection Stylish and Fashionable Winter and Summer Exclusive Sneakers Converse Shoes for Men- Innovative,৳ 500
"New Best Collection 2025 Comfortable Stylish & Fashionable Sports Look, Lace Up, Slip-on & Pull-on, Light Weight - White and Black Color Combination Sneaker For Men - Perfect For Any Occasion",৳ 426
Men's Casual Open Back Moc-toe Slippers,"৳ 2,499"
Stylish Black And Blue Color Winter Canvas Sneakers For Men,৳ 270
BATA RED LABEL RL-BRISTOL MENS CASUAL SNEAKER,"৳ 5,999"
Sprint Men's Sneaker,"৳ 1,990"
5G Fashion Breathable Men'S Running Shoes Mesh Sneaker Lightweight Athletic Sports Shoes - Sneakers For Men - Shoe For Boys - Shoe For Boys,৳ 380
Shoes For Men Sneakers Lightweight Breathable Comfortable Casual Shoes For Walking,৳ 470
Stylish and Fashionable Winter and Summer Exclusive Sneakers Converse Shoes for Men,৳ 438
7835 Nike AIR FORCE 1 '07 LV8 Yellow/White For MENS,"৳ 1,650"
Sprint Men's Canvas,"৳ 2,290"
North Star KAHOLO Lace-Up Sneaker for Men,"৳ 3,999"
Red Sneakers For Men - Smart and Comfortable Fabrics Shoes - Innovative Remarkable - Disclose Styles & Luxe - Comfortable for All Seasons,৳ 368
Premium Sneakers - Shoes for Men,"৳ 2,350"
North Star ARCE Lifestyle Sneaker for Men,"৳ 4,499"
Panda Men's Sport Sneaker | Black Grey,"৳ 1,875"
New Premium Men'S Shoe Stylish Formal & Fashion Shoes For Party Or Official Use Elegant - Shoe For Boys - Shoe For Boys - Shoe For Boys,৳ 399
Indispensable -Hot Collection Stylish And Fashionable Winter And Summer Exclusive Sneakers Converse Shoes For Men- Innovative By Riyan Shoes,৳ 572
Adidas Ultrarun 5 Cblack/Ftwwht/ Cblack International Sports Sneaker,"৳ 11,999"
High Quality imported Stylish Chunky Sneaker,"৳ 2,490"
Sprint Men's Sports Shoe,"৳ 4,490"
Sprint Men's Sports Shoe,"৳ 3,490"
Men's Casual Open Back Moc-toe Slippers,"৳ 2,499"
Jordan 1 low travis scott reverse mocha,"৳ 10,500"
Retro ReGen - Regenerated Energy | Stylish Retro Sneaker,"৳ 1,990"
LV TRAINER 54,"৳ 10,500"
Running Sneakers White Color Casual Lace-Up Shoes Winter And Summer Men'S Shoes 2022 - Sneakers,৳ 399
SNEAKER ENERGY RETURN,"৳ 2,190"
Adidas Duramo RC Shoe - Men,"৳ 14,000"
"Hot Collection Stylish Low Top Sneakers For Men - Trendy, Comfortable, And Premium Footwear - Comfortable All Seasons",৳ 588
Premium Sneakers - Shoes for Men,"৳ 2,390"
Panda Mens's Sneakers | White,"৳ 2,000"
Urban Motion - Luxury Meets Comfort | Lifestyle Runner,"৳ 2,390"
Stylish and Fashionable Winter and Summer Exclusive Sneakers Converse Shoes for Men By Riyan Shoes - Comfortable And Stylish,৳ 499
Mens Fashionable Exclusive Sneakers Converse for Men,৳ 495
Premium Sneakers - Shoes for Men,"৳ 1,850"
Power N-Walk Sports Shoe For Men,"৳ 2,699"
Shoes For Men Sneakers Lightweight Breathable Comfortable Casual Shoes For Walking,৳ 470
Stylish Black And Blue Color Winter Canvas Sneakers For Men,৳ 328
Sprint High Neck Sneaker,"৳ 2,490"
New Stylish Top Selling Casual Shoes Lace Up Men Shoes Lightweight Comfortable Breathable Walking Sneakers,৳ 415
Red Sneakers For Men - Smart And Comfortable Fabrics Shoes - Innovative Remarkable - Disclose Styles & Luxe - Comfortable For All Seasons,৳ 380
Adidas Samba OG Sneakers Shoe for Men,"৳ 2,650"
Shoes for Men Sneakers Lightweight Breathable Comfortable Casual Shoes for Walking,৳ 425
Asics Japan S,"৳ 12,000"
Comfortable Sports Sneakers - Stylish Lace-Up Trendy Shoes for Men - Comfortable for All Seasons,৳ 750
Panda Men's Sport Sneaker | White Green,"৳ 2,190"
Stylish and Fashionable Winter and Summer Exclusive Sneakers Converse Shoes for Men Qualityful - Easy To care and Longive,৳ 380
Aura-X Urban Elite Chunky Sneakers – Premium Edition,"৳ 2,500"
Poma Stylish Men’s Casual Shoes,"৳ 1,050"
High Quality imported Stylish Chunky Sneaker,"৳ 2,490"
Sneakers Casual Use Vans Model Trendy Shoes For Men.,৳ 499
X-Ray 2 Square Sneakers For Men,"৳ 8,344"
Sneakers | Redtape Classic Casual Sneakers Gray White,৳ 999
Sneakers Casual Use Vans Model Trendy Shoes For Men.,৳ 499
Sprint Men's Canvas,৳ 990
Unique Design Premium Quality Stylish And Fashionable Sneakers For Men By Sumana Shoes,৳ 850
WEINBRENNER OUTBACK WEINBRENNER,"৳ 4,499"
Sneakers Men Casual Shoes Men Fashion Sneakers Light Weight - Unleash Trendsetting Comfort,৳ 690
Bata Comfit Men's TEXAS Casual Lace-Up Shoe,"৳ 4,999"
Stylish and Fashionable Exclusive Sneakers Converse for Men,৳ 350
Lotto White Casual Shoe,"৳ 1,437"
Asics Hyper Speed 3,"৳ 15,000"
Men's Trendy Leather Casual Sport Sneakers / Dress Shoes,৳ 550
Indispensable Hot Collection Stylish Low Top Sneakers for Men - Innovative - Comfortable All Seasons,৳ 528
Off White Legacy,"৳ 1,100"
North Star VALERIO Slip-On Sneaker,"৳ 1,099"
Air jordan 1 low travis scott mocha,"৳ 7,500"
New Indispensable And New Collection Stylish White & Black Casual Sneakers Shoes For Men Comfortable And Lightweight Shoes For Summer,৳ 523
Sneakers Converse for Men Shoes for Men Sneakers for Men,৳ 380
Eid New 2025 Fashionable Gym School/College Sneaker Shoe Keds For Men And Girl 2025 Collections,৳ 520
POWER N-WALK LITE MENS SPORTS,"৳ 2,999"
Stylish and Fashionable Winter and Summer Exclusive Sneakers Converse Shoes for Men,৳ 450
Sprint Men's Canvas,"৳ 3,490"
Men's Sports Lifestyle Shoe,"৳ 1,314"
NORTH STAR JIRO 3.0 MENS CANVAS F.TIME JOGGER,"৳ 4,999"
WHITE SWAGGER,"৳ 1,100"
NORTH STAR PACER MENS CANVAS F.TIME,"৳ 3,499"
Stylish Black And Blue Color Winter Canvas Sneakers for Men,৳ 305
Men's Sports Lifestyle shoe,"৳ 1,417"
Sprint Men's Canvas,"৳ 1,290"
Stylish and Fashionable Winter and Summer Exclusive Sneakers Converse Shoes for Men - Shoe For Boys - Shoe For Boys - Shoes For Men,৳ 385
Trendy Shoes For Man With High Quality Fabrics And Breathable Outdoor Sport Sneakers Lightweight Air Mesh Men Shoes,৳ 399
Shoes for Men Sneakers Lightweight Breathable Comfortable Casual Shoes for Walking,৳ 465
Hot Collection Stylish and Fashionable Winter and Summer Exclusive Sneakers Converse Shoes for Men (Tammim Shop),৳ 490
Premium Sneakers - Shoes for Men,"৳ 2,190"
Maverick Men's Sneaker,"৳ 3,990"
NORTH STAR MENDES MENS CANVAS F.TIME,"৳ 3,499"
Genuine Leather KEDS 602 Black Brown,"৳ 1,370"
JOMA SPORTS RUNNING SHOES R.VICTORY 2201 BLACK FOR MEN,"৳ 7,499"
Stlysh Running Sports Sneakers Casual Lace-Up Shoes Winter And Summer Men'S Shoes - Shoe For Boys - Shoe For Boys - Insoles For Shoes - Shoe For Boys,৳ 550
Men's Sports Running shoe,"৳ 1,267"
Running Sports Sneakers White Color Shoes Casual Lace-Up Winter And Summer Men'S Shoes - White Shoes,৳ 550
WEINBRENNER TITANIUM WEINBRENNER,"৳ 3,499"
Stylish Black And Blue Color Winter Canvas Sneakers For Men,৳ 270
Lightweight and Breathable - Sneakers for Men - Casual Shoes for Walking - Shoe For Boys - Stay Comfortable All Day Long,৳ 386
Adidas X_Plrpath Ftwwht/Selubl/ Gum10 International Sports Sneaker,"৳ 8,999"
Sprint Men's Sports Shoe,"৳ 3,290"
"New Best Collection 2025 Comfortable Stylish & Fashionable Sports Look, Lace Up, Slip-on & Pull-on, Light Weight - White and Black Color Combination Sneaker For Men - Perfect For Any Occasion",৳ 780
Shoes For Men Sneakers Lightweight Breathable Comfortable Casual Shoes For Walking,৳ 400
Sprint Men's Canvas,"৳ 2,290"
Stylish and Fashionable Exclusive Sneakers Converse for Men,৳ 350
Men's Sports Running shoe|Mark Shoe,"৳ 1,642"
DRIBLING 2432 WHITE ORANGE TURF,"৳ 7,950"
Premium Quality Stlysh Sneakers Casual Lace-up Shoes Winter and Summer Men's Shoes,৳ 520
Running Sneakers Casual Lace-Up Shoes Summer Men'S Shoes White - Sneakers - Shoes For Men - Shoe For Boys - Shoes For Men - - Sneakers,৳ 380
POWER N-WALK AKARI EASYSLIDE MENS SPORTS SNEAKER,"৳ 3,999"
Hot Collection Stylish And Fashionable Winter And Summer Exclusive Sneakers Converse Shoes For Men,৳ 508
Sprint Sports Sandal,"৳ 1,290"
White stylish sneakers for man,"৳ 1,800"
Stylish Casual Sneakers for Men,"৳ 1,250"
Sprint Men's Sports Shoe,"৳ 6,990"
Sneakers shoes Vans design weightless less up version shoes for men.,৳ 699
Weinbrenner MAGMA FAZE CC Lace-Up Outdoor Sneaker For Men,"৳ 7,999"
Maverick Men's Sneaker,"৳ 3,990"
Maverick Men's Casual Shoe,"৳ 2,990"
Shoes For Men Sneakers Lightweight Breathable Comfortable Casual Shoes For Walking,৳ 470
LYFO Summer Mesh Breathable Men Shoes Lightweight Sneakers For Men DUO Shoes,"৳ 1,618"
Fashionable Multicolor Colore Winter Sneakers for Men,৳ 499
WEINBRENNER GRADDY WEINBRENNER,"৳ 3,999"
Shoes for Men Sneakers Lightweight Breathable Comfortable Casual Shoes for Walking,৳ 465
Sketchers Go walk Max walker,"৳ 4,000"
All Star Fabric Sneakers Converse For Men - Elevate Your Style With Classic Converse Sneakers For Men,"৳ 2,500"
2022 Top Selling 5G Running Sneakers Casual Lace-up Shoes Summer Sneakers Lightweight Breathable Comfortable Casual Shoes for Walking,৳ 410
"Versatile and stylish collection of exclusive winter and summer sneakers for men, including Converse shoes - avant-garde fashion",৳ 540
Comfortable Sports Sneakers - Stylish Lace-Up Trendy Shoes For Men - Comfortable For All Seasons,৳ 825
Sprint Men's Canvas,"৳ 2,290"
High-Quality Sports Sneakers Men Casual Shoes Fashion Sneakers - Flyknit Lightweight Slip-On Men's - Comfortable All Seasons,৳ 825
Fashionable Premium Quality Shoes For Men,৳ 520
Sneakers Men Casual Shoes Men Fashion Sneakers Light Weight - Elevate Your Casual Style,৳ 399
Premium Multi-Color Casual Sneakers (Men/Unisex),"৳ 1,050"
Trendy Shoes For Man With High Quality Fabrics And Breathable Outdoor Sport Sneakers Lightweight Air Mesh Men Shoes - Shoes For Men,৳ 399
Stlysh Running Sports Sneakers Casual Lace-Up Shoes Winter And Summer Men'S Shoes - Shoe For Boys - Shoe For Boys - Insoles For Shoes - Shoe For Boys,৳ 390
Shoes For Men Sneakers Lightweight Breathable Comfortable Casual Shoes For Walking,৳ 429
Sprint Men's Sports Shoe,"৳ 2,990"
7835 Nike AIR FORCE 1 '07 LV8 Yellow/White For MENS,"৳ 1,650"
Imported Men’s Slider | Premium Quality | US-122,"৳ 1,266"
Bacca Bucci Cosmic Dream 🪐 Sneakers,"৳ 3,250"
POWER UBI VALOS MENS SPORTS SNEAKER,"৳ 2,999"
New Stylish Top Selling Casual Shoes Lace Up Men Shoes Lightweight Comfortable Breathable Walking Sneakers,৳ 415
Stylish and Fashionable Winter and Summer Sneakers for Men,৳ 438
Bata Casual Moccasin in Black,"৳ 2,499"
Maverick Men's Casual Shoe,"৳ 2,990"
New Multi-Color -Hot Collection Stylish And Fashionable Summer And Winter Exclusive Sneakers Converse Shoes For Men- Innovative Shoe,৳ 515
Better Choice Stylish And Fashionable Exclusive Sneakers Converse For Men - Shoe For Boys Qualityful - Easy To Care And Longive,৳ 359
Lightweight Breathable Comfortable Low Top Sneakers For Men - Walking Shoes - Sneakers For Men - Comfortable All Seasons,৳ 470
Genuine Leather Sneakers 502 Master Black,"৳ 1,370"
Lotto White Casual Shoe,"৳ 1,437"
Urban Motion - Luxury Meets Comfort | Lifestyle Runner,"৳ 2,390"
Stylish and Fashionable Winter and Summer Exclusive Sneakers Converse Shoes for Men - Shoe For Boys - White Shoes,৳ 420
COMFIT SILVER MENS CASUAL MENS CASUAL,"৳ 2,499"
FARUK'S Stylish Ash Color Winter Canvas Sneakers for Men,৳ 324
25 Men's Versatile Casual PU Classic Sneakers,"৳ 1,550"
Running Shoes For Men - Running Shoes Casual Lace-Up - Running Sneakers,৳ 979
New Collection 2024 Better Choice Stylish And Fashionable Exclusive Sneakers For Men,৳ 538
Sprint Men's Canvas,৳ 990
Asics Japan S,"৳ 12,000"
Trendy Sports Shoes For Man With High Quality Fabrics And Breathable Outdoor Sport Sneakers Lightweight Air Mesh Men Shoes,৳ 520
Sprint Men's Canvas,"৳ 1,690"
High-Quality Sports Sneakers Men Casual Shoes Fashion Sneakers - Flyknit Lightweight Slip-On Men's - Comfortable All Seasons,৳ 750
Sprint Men's Sports Shoe,"৳ 3,990"
Moss Mirage |  Pebble Textured | Replica Edition,"৳ 2,090"
Shoes For Men Sneakers Lightweight Breathable Comfortable Casual Shoes For Walking,৳ 470
Shoes For Men Sneakers Lightweight Breathable Comfortable Casual Shoes For Walking,৳ 470
Power N-WALK Slip-On Sneaker for Men,"৳ 3,299"
Sprint Sports Sandal,"৳ 2,290"
New Collection 2025 Exclusive & Colorful Loafer For Men Boys Cheap Price New - Loafer For Men,৳ 418
POWER N-WALK AKARI EASYSLIDE MENS SPORTS SNEAKER,"৳ 3,999"
Green and Black Check,"৳ 1,100"
Shoes for Men Sneakers Lightweight Breathable Comfortable Casual Shoes for Walking,৳ 465
Retro ReGen - Regenerated Energy | Stylish Retro Sneaker,"৳ 1,990"
Sprint Men's Cricket Shoe,"৳ 6,990"
New 2025 Hot Collection JS-202402 Stylish and Fashionable Winter and Summer Exclusive Sneakers Converse Shoes for Men,৳ 825
WEINBRENNER RADIUM WEINBRENNER,"৳ 2,999"
Stylish and Fashionable Winter and Summer Exclusive Sneakers Converse Shoes for Men - Shoe For Boys - Shoe For Boys - Shoes For Men - জুতা ছেলেদের,৳ 380
Sprint Men's Sports Shoe,"৳ 2,490"
Sprint Men's Sports Shoe,"৳ 4,990"
Sprint Men's Sports Shoe,"৳ 3,990"
Versatile -Stylish And Fashionable Winter And Summer Exclusive Sneakers Converse Shoes For Men - Shoe For Boys - White Shoes- Avant-garde,৳ 350
Stylish and Fashionable Winter and Summer Exclusive Sneakers Converse Shoes for Men By Riyan Shoes - Comfortable And Stylish,৳ 499
Stylish and Fashionable Winter and Summer Exclusive Sneakers Converse Shoes for Men - Shoe For Boys - White Shoes,৳ 420
SNEAKER ENERGY RETURN,"৳ 2,190"
Fashionable Multicolore Winter Sneakers for Men,৳ 540
8G Stylish Black Sneakers – Comfortable Sports & Casual Shoes,৳ 699
Sneakers light weight Korean mesh up colour ful samba model shoes for men,"৳ 1,199"
Sneakers | Redtape Sneakers for Men। White-Black and Red Edition,৳ 999
New Staylish Shows For Men,"৳ 1,381"
Panda Men's Sport Sneaker | White Green,"৳ 2,190"
Carbon Gray,"৳ 1,100"
Stylish and Fashionable Winter and Summer Exclusive Sneakers Converse Shoes for Men - Shoe For Boys,৳ 499
Sprint Men's Sports Shoe,"৳ 6,990"
Mens Fashionable Exclusive Sneakers Converse shoe for Men,৳ 450
Shoes For Men Sneakers Lightweight Breathable Comfortable Casual Shoes For Walking - Shoe For Boys,৳ 470
Stylish Men's Shoes Casual Comfortable Breathable Leather Slip-On Loafers for Business And Leisure,৳ 280
High-Quality Sports Sneakers Men Casual Shoes Fashion Sneakers - Flyknit Lightweight Slip-On Men's - Comfortable All Seasons,৳ 720
BATA RED LABEL RL-BRISTOL MENS CASUAL SNEAKER,"৳ 5,999"
Adidas Alphaboost V2 Cblack/Cblack/ Ftwwht International Sports Sneaker,"৳ 15,999"
LYFO Summer Mesh Breathable Men Shoes Lightweight Sneakers For Men SKY LIGHT,"৳ 1,748"
Lightweight Comfortable Casual Walking Shoes for Men,৳ 390
Panda Men's Sport Sneaker | Black Green,"৳ 2,190"
New Stylish Comfortable Sports Sneakers Stylish Lace up Trendy Shoes for man,৳ 506
Summer Friendly Imported Half Sneakers For Men | US-73,"৳ 1,597"
Bata ZONE Slip-On Shoe for Men,"৳ 2,499"
Sneakers For Men Air force 1 Original Stylish  - imported from China and Vietnam(1:1 Grade),"৳ 2,265"
Men Casual Shoes Men Leather Flat Shoes Lace-up Low Top Sneakers Breathable Male Sneakers,৳ 380
Stlysh Running Sports Sneakers Casual Lace-Up Shoes Winter And Summer Men'S Shoes - Shoe For Boys - Shoe For Boys - Insoles For Shoes - Shoe For Boys,৳ 410
Sneakers Weightless Vans Shoes For Men,৳ 750
WEINBRENNER RADIUM WEINBRENNER,"৳ 2,999"
Genuine Leather KEDS 602 Choco Black,"৳ 1,370"
"New Best Collection 2025 Comfortable Stylish & Fashionable Sports Look, Lace Up, Slip-on & Pull-on, Light Weight - White and Black Color Combination Sneaker For Men - Perfect For Any Occasion",৳ 426
Adidas Samba OG,"৳ 3,200"
Running Sports Sneakers White Color Shoes Casual Lace-Up Winter And Summer Men'S Shoes - White Shoes,৳ 550
Stylish and Fashionable Winter and Summer Exclusive Sneakers Converse Shoes for Men,৳ 450
"China Shoes for boys. Dj case shoes for men high quality & comfortable use soft.- Trendy and Stylish, Simple To Use And Maintain, Very Premium Product",৳ 499
Jordan 1 low travis scott reverse mocha,"৳ 7,500"
Bata Men's Casual GLOBE Sneaker,"৳ 2,499"
8G Stylish Black Sneakers – Comfortable Sports & Casual Shoes,৳ 699
Premium White Sneakers for Men,"৳ 2,250"
Sneakers For Men (White) - Shoe For Men,৳ 420
Sprint Men's Sports Shoe,"৳ 3,290"
Sprint Men's Canvas,৳ 990
POWER HARROW PLUS SENNA SC MENS SPORTS SNEAKER,"৳ 3,499"
Stlysh Running Sports Sneakers Casual Lace-Up Shoes Winter And Summer Men'S Shoes - Shoe For Boys - Shoe For Boys - Insoles For Shoes - Shoe For Boys,৳ 480
8G Stylish Black Sneakers – Comfortable Sports & Casual Shoes,৳ 699
Sprint Men's Sports Shoe,"৳ 2,990"
5G Fashion Breathable Men'S Running Shoes Mesh Sneaker Lightweight Athletic Sports Shoes - Sneakers For Men - Shoe For Boys - Shoe For Boys,৳ 380
High-Quality Sports Sneakers Men Casual Shoes Fashionable Sneakers Flyknit Lightweight Slip-On - Stay Stylish And Comfortable With Qualityful Sneakers,৳ 499
High-Quality Sports Sneakers Men Casual Shoes Fashion Sneakers - Flyknit Lightweight Slip-On Men'S - Comfortable All Seasons,৳ 858
Unique Design Premium Quality Stylish And Fashionable Sneakers For Men By Sumana Shoes,৳ 850
Lightweight And Breathable - Sneakers For Men - Casual Shoes For Walking - Shoe For Boys - Stay Comfortable All Day Long,৳ 390
Sprint Men's Canvas,"৳ 1,990"
X-Ray 2 Square Sneakers For Men,"৳ 8,344"
Shoes For Men Sneakers Lightweight Breathable Comfortable Casual Shoes For Walking,৳ 470
Fashionable Casual Shoes For Men - Black - Shoe For Boys - Sneakers,৳ 399
New Premium Quality Trendy Korean Canvas Sneakers Slip On Casual Shoes Stylish And Fashionable Summer And Winter Collection For Man,৳ 501
Sneakers | Panda Super premium Quality Branded Sneaker Gray 0011,"৳ 1,490"
North Star ARGON 3 Lace-Up Sneaker for Men,"৳ 3,499"
Weinbrenner FLY FOAM Casual Lace-Up Outdoor Shoe,"৳ 3,999"
Stylish and Fashionable Winter and Summer Exclusive Sneakers Converse Shoes for Men - Shoe For Boys - Shoe For Boys - Shoes For Men,৳ 385
Men Casual Shoes Men Leather Flat Shoes Lace-up Low Top Sneakers Breathable Male Sneakers,৳ 380
Sneakers Converse for Men Shoes for Men Sneakers for Men - Shoe For Boys - Shoes For Men - জুতা ছেলেদের - Sneakers For Men - Shoe For Boys - Shoes For Men - জুতা ছেলেদের - Shoe For Boys,৳ 350
FARUK'S Stylish Ash Color Winter Canvas Sneakers for Men,৳ 307
2022 Top Selling 6G Running Sneakers Casual Lace-up Shoes Summer Sneakers Lightweight Breathable Comfortable Casual Shoes for Walking,৳ 380
Genuine Leather KEDS 602 Black Brown,"৳ 1,370"
Stylish Black And Blue Color Winter Canvas Sneakers for Men,৳ 292
LV TRAINER 54,"৳ 10,500"
Lightweight Breathable Comfortable Low Top Sneakers For Men - Walking Shoes - Sneakers For Men - Comfortable All Seasons,৳ 470
North Star VALERIO Basic Slip-On Sneaker for Men,"৳ 1,099"
Stylish Running Sports Sneakers Casual Lace-Up Shoes Winter And Summer Men'S Shoes,৳ 550
Sprint Men's Sports Shoe,"৳ 3,990"
Power N-WALK MAX Performance Sneaker for Men,"৳ 3,999"
POWER PRIME TIME MENS SPORTS,"৳ 3,499"
New Stylish Comfortable Sports Sneakers Stylish Lace up Trendy Shoes for man,৳ 450
Trendy Shoes For Man With High Quality Fabrics And Breathable Outdoor Sport Sneakers Lightweight Air Mesh Men Shoes,৳ 399
Lightweight Comfortable Casual Walking Shoes for Men,৳ 390
Running Sneakers Shoes Casual Lace-Up Winter And Summer Men'S Shoes,৳ 360
NORTH STAR LUINO MENS CANVAS F.TIME,"৳ 2,499"
WEINBRENNER HOBERT Outdoor Sneaker,"৳ 3,999"
Sprint Men's Canvas,"৳ 2,290"
Shoes For Men Sneakers Lightweight Breathable Comfortable Casual Shoes For Walking,৳ 470
Sprint Men's Sports Shoe,"৳ 2,690"
Shoes for Men Sneakers Lightweight Breathable Comfortable Casual Shoes for Walking,৳ 425
Panda Men's Sport Sneaker | Grey Green,"৳ 1,643"
Sprint Men's Sports Shoe,"৳ 2,990"
Canvas Stylish Shoes Black And Blue Color Winter Canvas Sneakers For Men - Shoes For Men - Shoe For Boys - White Shoes,৳ 267
Canvas Stylish Shoes Black And Blue Color Winter Canvas Sneakers For Men - Shoes For Men - Shoe For Boys - White Shoes,৳ 319
NORTH STAR JINKO MENS CANVAS F.TIME,"৳ 3,699"
Trendy Shoes For Man With High Quality Fabrics And Breathable Outdoor Sport Sneakers Lightweight Air Mesh Men Shoes - Sneakers For Men - Shoes For Men - White Shoes,৳ 490
Men's Sports Running Shoe,"৳ 1,717"
New Collection Better Choice Stylish And Fashionable Exclusive Sneaker For Men,৳ 499
Air jordan 1 low travis scott mocha,"৳ 10,500"
SNEAKER ENERGY RETURN,"৳ 2,190"
Lightweight And Breathable Men'S Low Top Sneakers - Comfortable Casual Shoes For Walking - Ideal For All Seasons,৳ 430
2022 Top Selling 5G Running Sneakers Casual Lace-up Shoes Summer Sneakers Lightweight Breathable Comfortable Casual Shoes for Walking,৳ 410
Blue colour fashionable Shoes For Men,৳ 380
Sprint Men's Sports Shoe,"৳ 1,990"
Sprint Men's Canvas,৳ 990
Stylish and Fashionable Winter and Summer Exclusive Sneakers Converse Shoes for Men,৳ 520
Sprint Men's Canvas,"৳ 1,690"
NORTH STAR MOVE LADIES CANVAS F.TIME,"৳ 2,499"
Power N-Walk Sports Shoe For Men,"৳ 2,699"
Sprint Men's Sports Shoe,"৳ 4,990"
Sneakers Men Casual Shoes Men Fashion Sneakers Light Weight - Unleash Trendsetting Comfort,৳ 720
Men'S Canvas Shoes New Elegant Men'S/Boys Sport Shoes Male Comfort Sneakers - Shoes,৳ 499
Adidas Samba OG,"৳ 3,200"
"Boots high neck mid caff golden,black mix fabrics and leather rubber sool shoes for man. - Shoes For Men -  - জুতা ছেলেদের - Shoe For Boys - Shoes For Men - জুতা ছেলেদের - Shoe For Boys",৳ 599
New 2025 Hot Collection JS-202402 Stylish and Fashionable Winter and Summer Exclusive Sneakers Converse Shoes for Men,৳ 825
Dark Horse | Lightweight | High-Neck Chinese Sneaker,"৳ 1,682"
Sprint Men's Canvas,"৳ 1,290"
Pl Tiburion Logo Puma Black-Puma Black,"৳ 11,176"
Fashionable Exclusive Sneakers Converse for Men,৳ 515
High-Quality Sports Sneakers Men Casual Shoes Fashion Sneakers - Flyknit Lightweight Slip-On Men's - Comfortable All Seasons,৳ 750
Air jordan 1 low travis scott mocha,"৳ 7,500"
North Star NOVEL 3 High-Cut Lace-Up Sneaker For Men,"৳ 3,999"
Trendy Sports Shoes For Man With High Quality Fabrics And Breathable Outdoor Sport Sneakers Lightweight Air Mesh Men Shoes - Sneakers,৳ 550
Sprint Men's Sports Shoe,"৳ 4,990"
Bata Luthor Moccasin,"৳ 2,499"
New Premium Quality Trendy Korean Canvas Sneakers Slip On Casual Shoes Stylish And Fashionable Summer And Winter Collection For Man,৳ 501
Sprint Men's Sports Shoe,"৳ 3,990"
WEINBRENNER VILLAARICA WEINBRENNER,"৳ 4,499"
authentic men sneaker /High-top canvas shoes men's shoes spring and autumn new breathable little white shoes men's trendy and versatile sports board shoes trendy shoes/,"৳ 2,879"
NORTH STAR FRAN MENS CANVAS F.TIME,"৳ 3,999"
Shoes for Men Sneakers Lightweight Breathable Comfortable Casual Shoes for Walking,৳ 465
Sneakers Men Casual Shoes Men Fashion Sneakers Light Weight - Elevate Your Casual Style,৳ 420
Sprint Sports Sandal,"৳ 2,290"
Trendy Shoes For Man With High Quality Fabrics And Breathable Outdoor Sport Sneakers Lightweight Air Mesh Men Shoes - Sneakers For Men - Shoes For Men - White Shoes,৳ 499
Trendy Shoes For Man With High Quality Fabrics And Breathable Outdoor Sport Sneakers Lightweight Air Mesh Men Shoes,৳ 399
Hot Collection Stylish and Fashionable Winter and Summer Exclusive Sneakers Converse Shoes for Men,৳ 600
Sprint Men's Sports Shoe,"৳ 3,490"
POWER ENERGY RUN 500 BETA MENS SPORTS SNEAKER,"৳ 9,999"
New balance 9060 bodega,"৳ 6,900"
North Star VALERIO Slip-On Sneaker,"৳ 1,099"
WEINBRENNER HOBERT Outdoor Sneaker,"৳ 3,999"
Indispensable Hot Collection Stylish Low Top Sneakers for Men - Innovative - Comfortable All Seasons,৳ 480
Premium Quality Stlysh Sneakers Casual Lace-up Shoes Winter and Summer Men's Shoes Premium Quality Stlysh Sneakers Casual Lace-up Shoes Winter and Summer Men's Shoes,৳ 490
High-Quality Sports Sneakers Men Casual Shoes Fashion Sneakers - Flyknit Lightweight Slip-On Men's - Comfortable All Seasons,৳ 720
Sprint Men's Sports Shoe,"৳ 3,990"
Stylish Black And Blue Color Winter Canvas Sneakers for Men,৳ 305
Genuine Leather KEDS 602 Master Brown,"৳ 1,370"
Azure Kick | Navy Blue Sneaker,"৳ 1,299"
High-Quality Sports Sneakers Men Casual Shoes Fashion Sneakers - Flyknit Lightweight Slip-On Men's - Comfortable All Seasons,৳ 750
COMFIT SILVER MENS CASUAL MENS CASUAL,"৳ 2,499"
Running Sneakers Casual Lace-up Shoes Summer Men's Shoes,৳ 363
Classic Beige Street Sneakers✨,৳ 749
New Running Sneakers Shoes For Men Casual Shoes Comfortable sports running and motorbike driving safety shoes - White Shoes,"৳ 1,514"
POWER N-WALK LITE MENS SPORTS,"৳ 2,999"
Sprint High Neck Sneaker,"৳ 2,490"
NORTH STAR MENDES MENS CANVAS F.TIME,"৳ 3,499"
Sprint Men's Canvas,"৳ 1,690"
Trendy Shoes For Man With High Quality Fabrics And Breathable Outdoor Sport Sneakers Lightweight Air Mesh Men Shoes,৳ 380
7892 Men's Versatile Casual PU Classic Sneakers,"৳ 1,750"
Sneakers Weightless Vans Shoes For Men,৳ 750
Adidas X_Plrpath Ftwwht/Selubl/ Gum10 International Sports Sneaker,"৳ 8,999"
Sprint Men's Sports Shoe,"৳ 3,490"
Sprint Men's Sports Shoe,"৳ 4,990"
New fashionable shoes for men,৳ 250
Sneakers Men Casual Shoes Men Fashion Sneakers Light Weight - Unleash Trendsetting Comfort,৳ 580
New Stylish Fashion Sole Winter Sneakers for Men,৳ 588
Stlysh Running Sports Sneakers Casual Lace-Up Shoes Winter And Summer Men'S Shoes - Shoe For Boys - Shoe For Boys - Insoles For Shoes - Shoe For Boys,৳ 550
Urban Motion - Luxury Meets Comfort | Lifestyle Runner,"৳ 2,390"
Premium Quality Imported Casual Shoes for Men,"৳ 2,500"
Sprint Men's Canvas,"৳ 1,690"
Shoes For Men Sneakers Lightweight Breathable Comfortable Casual Shoes For Walking,৳ 470
Indispensable -Hot Collection Stylish and Fashionable Winter and Summer Exclusive Sneakers Converse Shoes for Men- Innovative,৳ 520
Sprint Men's Sports Shoe,"৳ 1,990"
Shoes for Men Sneakers Lightweight Breathable Comfortable Casual Shoes for Walking,৳ 465
POWER Navy Sneaker,"৳ 3,999"
Men's Sports shoe,"৳ 1,890"
Sprint Men's Sports Shoe,"৳ 5,990"
Sneakers shoes Vans design weightless less up version shoes for men.,৳ 699
Sneakers Men Casual Shoes Men Fashion Sneakers Lightweight - Unleash Trendsetting Comfort,৳ 825
Sneakers | Redtape Classic Casual Sneakers Gray White,৳ 999
High Quality Fabrics And Breathable Outdoor Sport Sneakers Lightweight Air Mesh Men Shoes - Juta - Shoes For Men - - - Sneakers,৳ 440
Premium Quality Imported Casual Shoes for Men,"৳ 2,500"
Running Sneakers Casual Lace-up Shoes Summer Men's Shoes.,৳ 445
Sprint Men's Canvas,"৳ 5,990"
Sprint Men's Sports Shoe,"৳ 3,990"
Aura-X Urban Elite Chunky Sneakers – Premium Edition,"৳ 2,500"
High-Quality Sports Sneakers Men Casual Shoes Fashion Sneakers - Flyknit Lightweight Slip-On Men's - Comfortable All Seasons,৳ 825
Men'S Trendy Leather Casual Sport Sneakers / Dress Shoes,৳ 605
Premium Sneakers - Shoes for Men,"৳ 2,390"
BATA RED LABEL RL-BARRACUDA MENS CASUAL SNEAKER,"৳ 3,999"
Sneakers casual exclusive design rubber sool and lace up.,৳ 484
Sprint Men's Sports Shoe,"৳ 2,990"
Panda Mens's Sneakers | White,"৳ 2,000"
Stylish and Fashionable Winter and Summer Sneakers for Men,৳ 690
Premium Sneakers - Shoes for Men,"৳ 2,690"
POWER BONDI MENS SPORTS SNEAKER,"৳ 3,699"
Adidas Ultrarun 5 Cblack/Ftwwht/ Cblack International Sports Sneaker,"৳ 11,999"
BATA (MEN) BEEHIVE 2 MENS CASUAL,"৳ 2,999"
Suede Mustard,"৳ 1,100"
Tanned Swagger,"৳ 1,100"
Redtape High-Neck Sneakers For Men | White Edition,"৳ 1,950"
NORTH STAR JINKO MENS CANVAS F.TIME,"৳ 3,699"
Men's Sports Lifestyle shoe,"৳ 1,342"
Nike Zoomx,"৳ 4,200"
Lightweight Comfortable Casual Walking Shoes for Men,৳ 390
Panda Men's Sport Sneaker | White Green,"৳ 2,190"
New Stylish Comfortable Sports Sneakers Stylish Lace up Trendy Shoes for man,৳ 506
Trendy Chunky Sneaker-Synthetic leather + breathable mesh upper for durability and airflow,"৳ 2,490"
Woodland Running Sports Shoes For Men - 6088023 Black,"৳ 5,181"
2022 Top Selling 5G Running Sneakers Casual Lace-up Shoes Summer Sneakers Lightweight Breathable Comfortable Casual Shoes for Walking,৳ 410
Fashionable Multicolore Winter Sneakers for Men,৳ 540
Panda Men's Casual Sneaker | Black White,"৳ 1,890"
Sneakers | Redtape New Edition Premium Sneaker (G-370),"৳ 1,490"
Shoes for Men Sneakers Lightweight Breathable Comfortable Casual Shoes for Walking,৳ 465
Stylish and Fashionable Winter and Summer Exclusive Sneakers Converse Shoes for Men,৳ 520
Genuine Leather Sneakers 501 Black Brown,"৳ 1,370"
NORTH STAR PACER MENS CANVAS F.TIME,"৳ 3,499"
Stylish and Fashionable Winter and Summer Exclusive Sneakers Converse Shoes for Men,৳ 438
Comfortable Sports Sneakers - Stylish Lace-Up Trendy Shoes for Men - Comfortable for All Seasons,৳ 850
Bacca Bucci Cosmic Dream 🪐 Sneakers,"৳ 3,250"
Sprint Men's Sports Shoe,"৳ 4,990"
Men'S Sports Men Breathable Comfortable Casual Fashion Sneakers,"৳ 1,300"
Nike Air Force 1 – Premium Light Blue & White Sneaker (Men),"৳ 2,150"
Adidas Alphaboost V2 Cblack/Cblack/ Ftwwht International Sports Sneaker,"৳ 15,999"
Panda Men's Sport Sneaker | Black Grey,"৳ 1,875"
Men Casual Shoes Men Leather Flat Shoes Lace-up Low Top Sneakers Breathable Male Sneakers,৳ 380
Sneakers for men HAWOAI Sole Shoes for men-Blue,৳ 465
Genuine Leather KEDS 602 Choco Brown,"৳ 1,370"
Air Jordan 1 Mid High Neck – Black White Cyan Blue Sneaker (Men),"৳ 2,150"
Shoes for Men Sneakers Lightweight Breathable Comfortable Casual Shoes for Walking,৳ 465
Premium Imported Comfortable Sneakers – Breathable Lightweight Design | US-139,"৳ 2,508"
Sprint Men's Sports Shoe,"৳ 2,990"
Red Tape White & Navy Men's Walking Shoes,"৳ 1,299"
Sneakers Men Casual Shoes Men Fashion Sneakers Lightweight - Unleash Trendsetting Comfort,৳ 825
Premium Quality Imported Casual Shoes for Men,"৳ 3,200"
Lightweight Comfortable Casual Walking Shoes for Men,৳ 390
Sprint Men's Canvas,"৳ 1,690"
New Collection Better Choice Stylish And Fashionable Exclusive Sneakers Converse For Men,৳ 550
High-Quality Sports Sneakers Men Casual Shoes Fashion Sneakers - Flyknit Lightweight Slip-On Men's - Comfortable All Seasons,৳ 750
Sneakers Men Casual Shoes Men Fashion Sneakers Light Weight - Unleash Trendsetting Comfort,৳ 580
Sneakers shoes Vans design weightless less up version shoes for men.,৳ 699
North Star Nadal Slip-Ons,৳ 999
Hot Collection Stylish and Fashionable Winter and Summer Exclusive Low Top Sneakers Converse Shoes for Men - Ideal for All Seasons,৳ 850
MAXIMA 2442 WHITE YELLOWTURF,"৳ 7,490"
Exclusive Sneakers Men'S Fashionable Fabrics Converse For Men - Juta - Shoes For Men - - Shoes For Men,৳ 420
Unique Design Premium Quality Stylish And Fashionable Sneakers For Men By Sumana Shoes,৳ 850
Bata Comfit Men's TEXAS Casual Lace-Up Shoe,"৳ 4,999"
Sprint Men's Canvas,"৳ 2,290"
Premium New Collection Better Choice Stylish and Fashionable Exclusive Low Top Sneakers Converse for Men - Comfortable and Suitable for All Seasons Premium New Collection Better Choice Stylish and Fashionable Exclusive Low Top Sneakers Converse for Men -,৳ 850
New Best Sneaker Collection 2024 Better Choice Stylish And Fashionable Exclusive Sneakers For Men,৳ 505
Premium Quality Imported Casual Shoes for Men,"৳ 3,500"
Shoes For Men Sneakers Lightweight Breathable Comfortable Casual Shoes For Walking - Shoe For Boys - Insoles For Shoes - Shose For Men,৳ 470
Sprint Men's Sports Shoe,"৳ 3,490"
Genuine Leather KEDS FULL BLACK-601,"৳ 1,270"
SNEAKERS EXCLUSIVE SHOE'S DESIGN TRENDY COLLECTION WINTER MODEL SNEAKERS SHOES FOR MEN.,৳ 581
Lightweight Comfortable Casual Walking Shoes for Men,৳ 390
Stlysh Running Sports Sneakers Casual Lace-Up Shoes Winter And Summer Men'S Shoes - Shoe For Boys - Shoe For Boys - Insoles For Shoes - Shoe For Boys,৳ 390
SNEAKER ENERGY RETURN,"৳ 2,190"
Stylish and Fashionable Winter and Summer Exclusive Sneakers Converse Shoes for Men By Riyan Shoes - Comfortable And Stylish,৳ 499
Stylish Running Sports Sneakers Casual Lace-Up Shoes Winter And Summer Men'S Shoes,৳ 550
Mens Fashionable Exclusive Sneakers Converse shoe for Men,৳ 450
Sports Shoes - Male Vulcanize Mesh Slip-On Flat-Soled Walking Running Sneakers - All-Season Athletic Footwear,৳ 499
Suede Black,"৳ 1,100"
New Collection 5G High-Quality Sneakers - Men's Casual Fashion Sneakers for Year-Round Comfort and Style,৳ 399
Sprint Men's Canvas,৳ 990
"Versatile and stylish collection of exclusive winter and summer sneakers for men, including Converse shoes - avant-garde fashion",৳ 540
New Trendy Fashionable Black And Blue Color Winter Canvas Sneakers for Men M002,"৳ 1,250"
Woodland Running Sports Shoes For Men - 6039023 Navy,"৳ 5,351"
Gray Camo,"৳ 1,100"
COMFIT SILVER MENS CASUAL MENS  CASUAL,"৳ 2,499"
Hot Collection Stylish and Fashionable Winter and Summer Exclusive Sneakers Converse Shoes for Men,৳ 500
Sprint Men's Sports Shoe,"৳ 4,990"
Mark Men's Life style shoe|Mark Shoe,"৳ 1,342"
High-Quality Sports Sneakers Men Casual Shoes Fashion Sneakers - Flyknit Lightweight Slip-On Men's - Comfortable All Seasons,৳ 750
Stlysh Running Sports Sneakers Casual Lace-up Shoes Winter and Summer Men's Shoes,৳ 539
High Quality Sneakers for Men Casual Shoes Fashion Sneakers Fly knit Light weight Slip-on - Shoe For Boys - Shoe For Boys,৳ 430
Sprint Men's Sports Shoe,"৳ 4,990"
Genuine Leather KEDS 602 Black Brown,"৳ 1,370"
Genuine Leather KEDS 602 White Brown,"৳ 1,370"
Stylish Men's Casual Shoes,৳ 999
Indispensable -Hot Collection Stylish and Fashionable Winter and Summer Exclusive Sneakers Converse Shoes for Men- Innovative,৳ 500
Sneakers for men Casual use colour ful sneakers for men lace up shoes.,৳ 380
Sneakers | Redtape Sneakers for Men। White-Black and Red Edition,৳ 999
Premium Sneakers - Shoes for Men,"৳ 2,290"
New Stylish Comfortable Sports Sneakers Stylish Lace Up Trendy Shoes For Man,৳ 517
Sprint Men's Canvas,"৳ 3,990"
AGUILA CUP 2402 WHITE BLACK FIRM GROUND,"৳ 9,950"
Sprint Men's Sports Shoe,"৳ 4,990"
Lightweight Comfortable Casual Walking Shoes For Men,৳ 429
7892 Men's Versatile Casual PU Classic Sneakers,"৳ 1,750"
Shoes for Men Sneakers Lightweight Breathable Comfortable Casual Shoes for Walking,৳ 465
Exclusive Black Cotton Fabrics Casual Shoes for Men,"৳ 1,590"
Sneakers | Super Premium Quality Branded Sneaker Gray White 0006,"৳ 1,490"
POWER N-WALK LITE MENS SPORTS,"৳ 3,499"
Fashionable Exclusive Sneakers Converse for Men,৳ 515
Trendy Sport Sneakers For Man With High Quality Fabrics And Breathable Outdoor Lightweight Air Mesh Men Shoes,৳ 850
Trendy Shoes For Man With High Quality Fabrics And Breathable Outdoor Sport Sneakers Lightweight Air Mesh Men Shoes - Shoes - Shoes For Men - Shoe For Boys - Shoes For Men - জুতা ছেলেদের - Shoe For Boys,৳ 390
Sprint Men’s Canvas,"৳ 3,990"
POWER ENERGY RUN 500 BETA MENS SPORTS SNEAKER,"৳ 9,999"
Trendy Shoes For Man With High Quality Fabrics And Breathable Outdoor Sport Sneakers Lightweight Air Mesh Men Shoes,৳ 399
Men's Sports Lifestyle shoe|Mark Shoe,"৳ 1,342"
New Premium Men'S Shoe Stylish Formal & Fashion Shoes For Party Or Official Use Elegant - Shoe For Boys - Shoe For Boys - Shoe For Boys,৳ 399
Sneakers | Redtape  Sneakers for Men Navy,৳ 999
Shoes for Men Sneakers Lightweight Breathable Comfortable Casual Shoes for Walking,৳ 425
Hot Collection Stylish and Fashionable Low Top Winter and Summer Exclusive Converse Sneakers for Men - Comfortable and Suitable for All Seasons,৳ 533
Stylish and Fashionable Winter and Summer Exclusive Sneakers Converse Shoes for Men,৳ 438
Weinbrenner TRAVELLER Belt Sandal for Men,"৳ 2,499"
Sneakers shoes Vans design weightless less up version shoes for men.,৳ 699
New Collection 2025 Exclusive & Colorful Loafer For Men Boys Cheap Price New - Loafer For Men,৳ 418
2022 Top Selling 6G Running Sneakers Casual Lace-up Shoes Summer Sneakers Lightweight Breathable Comfortable Casual Shoes for Walking,৳ 380
Genuine Leather Sneakers 502 Full Black,"৳ 1,370"
Premium Stylish and Fashionable Low Top Sneakers for Men's Style - Comfortable All Seasons,৳ 396
Comfortable Sports Sneakers - Stylish Lace-Up Trendy Shoes for Men - Comfortable for All Seasons,৳ 850
BATA SURGE MENS CASUAL,"৳ 3,999"
Sprint Men's Canvas,"৳ 2,990"
Shoes For Men Sneakers Lightweight Breathable Comfortable Casual Shoes For Walking - Shoe For Boys,৳ 470
Trendy Shoes For Man With High Quality Fabrics And Breathable Outdoor Sport Sneakers Lightweight Air Mesh Men Shoes - Shoes - Shoes For Men - Shoe For Boys - Shoes For Men - জুতা ছেলেদের - Shoe For Boys,৳ 390
Trendy Sports Shoes For Man With High Quality Fabrics And Breathable Outdoor Sport Sneakers Lightweight Air Mesh Men Shoes - Sneakers,৳ 550
AG Premium Edition 426 Stylish Men's Sneakers,৳ 999
NORTH STAR ASSES LADIES CANVAS F.TIME,"৳ 2,999"
WEINBRENNER RADIUM WEINBRENNER,"৳ 2,999"
Sprint Men's Sports Shoe,"৳ 4,490"
Sprint Men’s Canvas,"৳ 3,990"
Panda Men's Sport Sneaker | Black Green,"৳ 2,190"
High-Quality Sports Sneakers Men Casual Shoes Fashion Sneakers - Flyknit Lightweight Slip-On Men's - Comfortable All Seasons,৳ 825
Stylish and Fashionable Winter and Summer Exclusive Sneakers Converse Shoes for Men - Shoe For Boys - Shoe For Boys - Shoes For Men,৳ 385
Men Casual Shoes Men Fashion Sneakers Fly knit Light weight Slip-on Men - Shoe For Boys,৳ 350
Sprint Men's Sports Shoe,"৳ 3,490"
The Crimson Crest Sneaker Shoe For Men,"৳ 1,250"
Lv trainer 54,"৳ 10,500"
Lightweight Comfortable Casual Walking Shoes for Men,৳ 380
Outdoor Tracking Shoes,"৳ 2,099"
Better Choice Stylish And Fashionable Exclusive Sneakers Converse For Men - Shoe For Boys Qualityful - Easy To Care And Longive,৳ 379
New Multi-Color -Hot Collection Stylish And Fashionable Summer And Winter Exclusive Sneakers Converse Shoes For Men- Innovative Shoe,৳ 515
White Check,"৳ 1,100"
Gray Swagger,"৳ 1,100"
LYFO Summer Mesh Breathable Men Shoes Lightweight Sneakers For Men SKY LIGHT,"৳ 1,748"
Indispensable Hot Collection Stylish Low Top Sneakers for Men - Innovative - Comfortable All Seasons,৳ 480
New Collection 2024 Better Choice Stylish And Fashionable Exclusive Sneakers For Men,৳ 538
NORTH STAR ASSES LADIES CANVAS F.TIME,"৳ 2,999"
POWER HARROW PLUS SENNA SC MENS SPORTS SNEAKER,"৳ 3,499"
Maverick Men's Casual Shoe,"৳ 3,490"
Trendy Shoes For Man With High Quality Fabrics And Breathable Outdoor Sport Sneakers Lightweight Air Mesh Men Shoes - Shoe For Boys - Shoes For Men -  - Shoe For Boys - Shoe For Boys - Sneakers,৳ 360
"Hot Singing Snickers Dusty: High-Quality Snow Men's Casual Shoes, Fly Woven Lightweight Slip-On - Shoe For Boys - Shose For Men",৳ 420
Stlysh Running Sports Sneakers Casual Lace-Up Shoes Winter And Summer Men'S Shoes - Shoe For Boys - Shoe For Boys - Insoles For Shoes - Shoe For Boys,৳ 550
ASICS GEL-CONTEND 9,"৳ 11,000"
Sprint Men's Canvas,"৳ 3,990"
Lightweight Comfortable Casual Walking Shoes for Men,৳ 399
Sprint Men's Sports Shoe,"৳ 3,990"
Fashionable Winter Sneaker For Men - Blue/Black - Stay Warm And Stylish In These Men'S Sneakers Perfect For Winter,৳ 349
Shoes For Men Sneakers Lightweight Breathable Comfortable Casual Shoes For Walking,৳ 470
Sprint Men's Sports Shoe,"৳ 3,990"
Retro ReGen - Regenerated Energy | Stylish Retro Sneaker,"৳ 1,990"
Running Sneakers White Color Casual Lace-Up Shoes Winter And Summer Men'S Shoes 2022 - Sneakers,৳ 399
"Hot Collection Stylish Low Top Sneakers For Men - Trendy, Comfortable, And Premium Footwear - Comfortable All Seasons",৳ 588
Men's Sports Lifestyle shoe,"৳ 1,417"
Trendy Shoes For Man With High Quality Fabrics And Breathable Outdoor Sport Sneakers Lightweight Air Mesh Men Shoes - Shoes For Men,৳ 399
Sneakers | Kappa sneaker |Off White and navy blue Edition(1:1 Grade),"৳ 1,320"
New Winter Fashionable Sneaker for Men,৳ 429
The Urban Low-Top Classic Sneakers,"৳ 2,250"
Fashionable Premium Quality Shoes For Men,৳ 520
Sprint Men's Sports Shoe,"৳ 3,490"
Sneakers | Redtape Classic Casual Sneakers Gray White,৳ 999
Men’s Black & White Sport Casual Sneakers,৳ 750
Sprint Men's Canvas,"৳ 3,490"
NORTH STAR MOVE LADIES CANVAS F.TIME,"৳ 2,499"
High Quality imported Stylish Chunky Sneaker,"৳ 2,490"
Stylish and Fashionable Winter and Summer Exclusive Sneakers Converse Shoes for Men - Shoe For Boys,৳ 530
POWER LEAD MENS SPORTS,"৳ 2,699"
Genuine Leather KEDS 602 Choco Brown,"৳ 1,370"
Sneakers for man - rubber sole sneakers for man - running sneakers - running shoe for man,৳ 969
Sprint Men's Canvas,"৳ 1,290"
Sneakers | Panda Super premium Quality Branded Sneaker Gray 0011,"৳ 1,490"
North Star VALERIO Basic Slip-On Sneaker for Men,"৳ 1,099"
Sprint Men's Sneaker,"৳ 1,990"
Premium New Collection Better Choice Stylish and Fashionable Exclusive Low Top Sneakers Converse for Men - Comfortable and Suitable for All Seasons Premium New Collection Better Choice Stylish and Fashionable Exclusive Low Top Sneakers Converse for Men -,৳ 850
Shoes for Men Sneakers Lightweight Breathable Comfortable Casual Shoes for Walking,৳ 465
WEINBRENNER TITANIUM WEINBRENNER,"৳ 3,499"
New Premium Quality Trendy Korean Canvas Sneakers Slip On Casual Shoes Stylish And Fashionable Summer And Winter Collection For Man,৳ 501
Smart Sneaker - Men White Sneakers,৳ 927
Sneakers Casual Use Vans Model Trendy Shoes For Men,৳ 699
Stlysh Running Sports Sneakers Casual Lace-Up Shoes Winter And Summer Men'S Shoes - Shoe For Boys - Shoe For Boys - Insoles For Shoes - Shoe For Boys,৳ 410
8G Stylish Black Sneakers – Comfortable Sports & Casual Shoes,৳ 699
Trending Brown Converse For Man And Women - Shoes,৳ 370
NORTH STAR LUINO MENS CANVAS F.TIME,"৳ 3,499"
Power N-WALK Slip-On Sneaker for Men,"৳ 3,299"
FARUK'S Stylish Ash Color Winter Canvas Sneakers for Men,৳ 324
POWER Navy Sneaker,"৳ 3,999"
JOMA SPORTS  BROWN  Life -Style Shoe For Men,"৳ 6,990"
Men's Sports Lifestyle shoe|Mark Shoe,"৳ 2,017"
Genuine Leather KEDS 602 Choco Black,"৳ 1,370"
POWER PRIME WALK 300 SLIP V4 MENS SPORTS,"৳ 4,499"
NORTH STAR TRACK CLASSIC MENS CANVAS F.TIME SNEAKER,"৳ 5,999"
POWER ROSS MENS SPORTS,"৳ 1,799"
SNEAKERS EXCLUSIVE SHOE'S DESIGN TRENDY COLLECTION WINTER MODEL SNEAKERS SHOES FOR MEN.,৳ 581
Hot Collection Stylish and Fashionable Winter and Summer Exclusive Sneakers Converse Shoes for Men,৳ 600
Mark Men's Life style shoe|Mark Shoe,"৳ 1,342"
Bacca Bucci Cosmic Dream 🪐 Sneakers,"৳ 3,250"
Adidas Prohiker - Men,"৳ 14,000"
Dark Horse | Lightweight | High-Neck Chinese Sneaker,"৳ 1,682"
WEINBRENNER RADIUM WEINBRENNER,"৳ 2,699"
POWER N-WALK LITE KOKO EASYSLIDE MENS SPORTS,"৳ 3,699"
POWER N-WALK AKARI EASYSLIDE MENS SPORTS SNEAKER,"৳ 3,999"
Classic Beige Street Sneakers✨,৳ 749
Stlysh Running Sports Sneakers Casual Lace-Up Shoes Winter And Summer Men'S Shoes - Shoe For Boys - Shoe For Boys - Insoles For Shoes - Shoe For Boys,৳ 550
Comfortable Stylish & Fashionable Sports Look Lace Up Canvas Sneakers Shoes For Men,৳ 503
Sneakers light weight Korean mesh up colour ful samba model shoes for men,"৳ 1,199"
Black and white Check Half Shoe,"৳ 1,100"
Sprint Men's Sports Shoe,"৳ 2,990"
